BookID,Title,Author,Genre,Publication Year,Total Copies,Available Copies
1,Data Science Essentials 4,Jake VanderPlas,Data Science,2007,19,16
2,Cybersecurity Essentials 9,Wendell Odom,Cybersecurity,2004,14,8
3,Programming Essentials 1,Robert C. Martin,Programming,2007,11,1
4,Data Science Essentials 7,Hadley Wickham,Data Science,2005,7,1
5,Data Science Essentials 6,Aurélien Géron,Data Science,2006,19,18
6,Databases Essentials 1,C.J. Date,Databases,2024,15,9
7,Databases Essentials 4,Hector Garcia-Molina,Databases,2007,18,2
8,Databases Essentials 5,Jeffrey Ullman,Databases,2005,16,7
9,Data Science Essentials 10,Joel Grus,Data Science,2004,18,2
10,Data Science Essentials 5,Joel Grus,Data Science,2019,8,6
11,Networking Essentials 3,Douglas E. Comer,Networking,2024,11,11
12,Cybersecurity Essentials 6,Wendell Odom,Cybersecurity,2001,7,7
13,Cybersecurity Essentials 6,Kevin Mitnick,Cybersecurity,2002,15,4
14,Artificial Intelligence Essentials 10,Stuart Russell,Artificial Intelligence,2004,10,8
15,Programming Essentials 2,Robert C. Martin,Programming,2009,19,14
16,Artificial Intelligence Essentials 5,Peter Norvig,Artificial Intelligence,2002,19,13
17,Databases Essentials 7,Hector Garcia-Molina,Databases,2006,6,3
18,Databases Essentials 1,Raghu Ramakrishnan,Databases,2001,6,5
19,Databases Essentials 9,C.J. Date,Databases,2000,19,7
20,Databases Essentials 10,Raghu Ramakrishnan,Databases,2000,11,2
21,Artificial Intelligence Essentials 9,Ian Goodfellow,Artificial Intelligence,2005,12,5
22,Databases Essentials 2,Jeffrey Ullman,Databases,2008,19,2
23,Databases Essentials 7,Raghu Ramakrishnan,Databases,2003,20,16
24,Databases Essentials 8,Raghu Ramakrishnan,Databases,2018,19,7
25,Artificial Intelligence Essentials 1,Stuart Russell,Artificial Intelligence,2000,14,10
26,Programming Essentials 3,Yashavant Kanetkar,Programming,2020,6,1
27,Programming Essentials 10,Robert C. Martin,Programming,2019,9,3
28,Programming Essentials 10,Yashavant Kanetkar,Programming,2009,12,7
29,Databases Essentials 5,Raghu Ramakrishnan,Databases,2022,7,3
30,Databases Essentials 10,Hector Garcia-Molina,Databases,2001,11,11
31,Artificial Intelligence Essentials 1,Peter Norvig,Artificial Intelligence,2017,8,2
32,Data Science Essentials 8,Jake VanderPlas,Data Science,2013,11,8
33,Data Science Essentials 3,Hadley Wickham,Data Science,2003,19,17
34,Artificial Intelligence Essentials 7,Stuart Russell,Artificial Intelligence,2012,13,9
35,Artificial Intelligence Essentials 6,Peter Norvig,Artificial Intelligence,2003,8,7
36,Cybersecurity Essentials 3,Bruce Schneier,Cybersecurity,2004,6,1
37,Cybersecurity Essentials 6,William Stallings,Cybersecurity,2009,13,9
38,Programming Essentials 10,Yashavant Kanetkar,Programming,2011,8,4
39,Data Science Essentials 8,Aurélien Géron,Data Science,2018,12,11
40,Artificial Intelligence Essentials 1,Stuart Russell,Artificial Intelligence,2009,5,5
41,Databases Essentials 5,Raghu Ramakrishnan,Databases,2006,13,10
42,Programming Essentials 1,Yashavant Kanetkar,Programming,2012,15,6
43,Data Science Essentials 8,Hadley Wickham,Data Science,2010,5,3
44,Networking Essentials 5,James F. Kurose,Networking,2014,8,6
45,Cybersecurity Essentials 10,William Stallings,Cybersecurity,2011,11,11
46,Databases Essentials 9,C.J. Date,Databases,2000,13,5
47,Programming Essentials 6,Yashavant Kanetkar,Programming,2020,7,7
48,Networking Essentials 7,Keith W. Ross,Networking,2006,14,2
49,Data Science Essentials 8,Joel Grus,Data Science,2013,13,7
50,Networking Essentials 8,Keith W. Ross,Networking,2016,9,3
51,Programming Essentials 9,Robert C. Martin,Programming,2022,17,4
52,Programming Essentials 1,Yashavant Kanetkar,Programming,2018,20,19
53,Programming Essentials 3,Yashavant Kanetkar,Programming,2006,9,4
54,Programming Essentials 4,E. Balagurusamy,Programming,2007,9,6
55,Databases Essentials 10,Raghu Ramakrishnan,Databases,2004,15,2
56,Programming Essentials 4,Yashavant Kanetkar,Programming,2018,7,6
57,Programming Essentials 1,Yashavant Kanetkar,Programming,2003,8,8
58,Artificial Intelligence Essentials 3,Peter Norvig,Artificial Intelligence,2006,14,10
59,Cybersecurity Essentials 10,Kevin Mitnick,Cybersecurity,2006,13,4
60,Databases Essentials 8,C.J. Date,Databases,2000,11,6
61,Databases Essentials 1,Raghu Ramakrishnan,Databases,2013,20,13
62,Programming Essentials 5,E. Balagurusamy,Programming,2010,17,11
63,Programming Essentials 8,E. Balagurusamy,Programming,2020,12,5
64,Cybersecurity Essentials 2,Bruce Schneier,Cybersecurity,2006,17,8
65,Programming Essentials 1,E. Balagurusamy,Programming,2020,13,2
66,Data Science Essentials 7,Jake VanderPlas,Data Science,2003,16,7
67,Artificial Intelligence Essentials 2,Ian Goodfellow,Artificial Intelligence,2012,16,5
68,Programming Essentials 5,Herbert Schildt,Programming,2024,7,6
69,Cybersecurity Essentials 6,William Stallings,Cybersecurity,2009,11,2
70,Networking Essentials 4,Keith W. Ross,Networking,2018,5,1
71,Databases Essentials 1,C.J. Date,Databases,2004,12,7
72,Networking Essentials 7,James F. Kurose,Networking,2011,13,6
73,Networking Essentials 7,Keith W. Ross,Networking,2010,16,8
74,Artificial Intelligence Essentials 2,Stuart Russell,Artificial Intelligence,2018,20,19
75,Databases Essentials 7,Jeffrey Ullman,Databases,2018,16,16
76,Networking Essentials 9,Douglas E. Comer,Networking,2018,18,15
77,Programming Essentials 9,Robert C. Martin,Programming,2009,13,2
78,Cybersecurity Essentials 4,Wendell Odom,Cybersecurity,2018,9,3
79,Cybersecurity Essentials 10,Kevin Mitnick,Cybersecurity,2022,16,12
80,Databases Essentials 6,Raghu Ramakrishnan,Databases,2013,13,9
81,Networking Essentials 4,Douglas E. Comer,Networking,2022,19,14
82,Cybersecurity Essentials 10,Bruce Schneier,Cybersecurity,2001,17,12
83,Programming Essentials 1,Robert C. Martin,Programming,2014,6,3
84,Cybersecurity Essentials 8,Wendell Odom,Cybersecurity,2002,6,1
85,Cybersecurity Essentials 5,Kevin Mitnick,Cybersecurity,2004,10,3
86,Programming Essentials 3,Herbert Schildt,Programming,2009,12,9
87,Programming Essentials 10,Robert C. Martin,Programming,2021,7,7
88,Artificial Intelligence Essentials 3,Ian Goodfellow,Artificial Intelligence,2024,17,11
89,Databases Essentials 7,Raghu Ramakrishnan,Databases,2011,19,16
90,Data Science Essentials 8,Jake VanderPlas,Data Science,2021,20,18
91,Databases Essentials 10,Raghu Ramakrishnan,Databases,2017,5,1
92,Networking Essentials 3,James F. Kurose,Networking,2002,8,6
93,Data Science Essentials 1,Hadley Wickham,Data Science,2014,19,14
94,Programming Essentials 10,Yashavant Kanetkar,Programming,2006,14,2
95,Cybersecurity Essentials 10,Wendell Odom,Cybersecurity,2009,13,3
96,Programming Essentials 10,Herbert Schildt,Programming,2018,20,5
97,Data Science Essentials 7,Aurélien Géron,Data Science,2021,5,3
98,Artificial Intelligence Essentials 6,Peter Norvig,Artificial Intelligence,2008,10,7
99,Databases Essentials 6,C.J. Date,Databases,2018,18,1
100,Databases Essentials 3,Hector Garcia-Molina,Databases,2010,11,10
101,Programming Essentials 1,Robert C. Martin,Programming,2005,20,17
102,Cybersecurity Essentials 9,William Stallings,Cybersecurity,2023,5,4
103,Databases Essentials 3,Raghu Ramakrishnan,Databases,2010,17,17
104,Networking Essentials 4,Keith W. Ross,Networking,2006,9,7
105,Data Science Essentials 8,Jake VanderPlas,Data Science,2024,6,4
106,Databases Essentials 9,C.J. Date,Databases,2002,11,2
107,Networking Essentials 8,James F. Kurose,Networking,2024,19,15
108,Cybersecurity Essentials 10,Wendell Odom,Cybersecurity,2023,20,8
109,Networking Essentials 9,Douglas E. Comer,Networking,2003,5,5
110,Databases Essentials 1,Raghu Ramakrishnan,Databases,2008,7,2
111,Cybersecurity Essentials 4,Kevin Mitnick,Cybersecurity,2002,7,2
112,Networking Essentials 7,Andrew S. Tanenbaum,Networking,2019,11,7
113,Databases Essentials 9,Raghu Ramakrishnan,Databases,2012,17,5
114,Data Science Essentials 1,Hadley Wickham,Data Science,2015,10,9
115,Programming Essentials 3,E. Balagurusamy,Programming,2004,18,12
116,Networking Essentials 5,Douglas E. Comer,Networking,2010,20,4
117,Programming Essentials 4,Herbert Schildt,Programming,2000,16,12
118,Data Science Essentials 2,Hadley Wickham,Data Science,2010,18,17
119,Programming Essentials 3,Herbert Schildt,Programming,2024,11,3
120,Networking Essentials 1,Andrew S. Tanenbaum,Networking,2011,9,9
121,Programming Essentials 6,Herbert Schildt,Programming,2018,19,19
122,Networking Essentials 7,Andrew S. Tanenbaum,Networking,2004,18,17
123,Databases Essentials 6,Raghu Ramakrishnan,Databases,2024,17,9
124,Data Science Essentials 3,Hadley Wickham,Data Science,2009,14,14
125,Programming Essentials 3,Robert C. Martin,Programming,2018,19,2
126,Databases Essentials 4,Jeffrey Ullman,Databases,2016,13,8
127,Cybersecurity Essentials 4,Kevin Mitnick,Cybersecurity,2022,14,11
128,Cybersecurity Essentials 4,Bruce Schneier,Cybersecurity,2017,16,12
129,Networking Essentials 1,Andrew S. Tanenbaum,Networking,2009,13,11
130,Data Science Essentials 2,Hadley Wickham,Data Science,2019,7,4
131,Artificial Intelligence Essentials 3,Stuart Russell,Artificial Intelligence,2019,5,4
132,Data Science Essentials 4,Jake VanderPlas,Data Science,2004,17,13
133,Programming Essentials 4,Robert C. Martin,Programming,2010,14,6
134,Networking Essentials 5,Keith W. Ross,Networking,2004,16,1
135,Programming Essentials 9,Yashavant Kanetkar,Programming,2003,19,7
136,Data Science Essentials 8,Jake VanderPlas,Data Science,2006,13,13
137,Networking Essentials 10,James F. Kurose,Networking,2003,16,12
138,Databases Essentials 2,C.J. Date,Databases,2006,10,10
139,Artificial Intelligence Essentials 1,Stuart Russell,Artificial Intelligence,2000,19,11
140,Networking Essentials 1,Douglas E. Comer,Networking,2023,18,2
141,Databases Essentials 6,Hector Garcia-Molina,Databases,2009,16,4
142,Data Science Essentials 5,Aurélien Géron,Data Science,2023,14,13
143,Cybersecurity Essentials 7,Bruce Schneier,Cybersecurity,2012,7,3
144,Cybersecurity Essentials 7,Kevin Mitnick,Cybersecurity,2002,20,19
145,Data Science Essentials 8,Hadley Wickham,Data Science,2021,16,14
146,Networking Essentials 3,Andrew S. Tanenbaum,Networking,2021,10,8
147,Cybersecurity Essentials 10,Bruce Schneier,Cybersecurity,2016,14,2
148,Data Science Essentials 8,Aurélien Géron,Data Science,2006,12,6
149,Programming Essentials 6,Yashavant Kanetkar,Programming,2008,6,6
150,Databases Essentials 6,Jeffrey Ullman,Databases,2019,11,8
151,Networking Essentials 5,Keith W. Ross,Networking,2009,6,4
152,Data Science Essentials 2,Aurélien Géron,Data Science,2005,17,1
153,Data Science Essentials 9,Hadley Wickham,Data Science,2022,9,2
154,Programming Essentials 7,Yashavant Kanetkar,Programming,2007,18,4
155,Networking Essentials 10,Keith W. Ross,Networking,2019,7,7
156,Data Science Essentials 7,Jake VanderPlas,Data Science,2018,16,13
157,Programming Essentials 1,E. Balagurusamy,Programming,2009,19,10
158,Data Science Essentials 5,Jake VanderPlas,Data Science,2009,9,2
159,Artificial Intelligence Essentials 10,Stuart Russell,Artificial Intelligence,2015,15,11
160,Networking Essentials 6,Douglas E. Comer,Networking,2000,12,8
161,Networking Essentials 4,James F. Kurose,Networking,2013,16,11
162,Data Science Essentials 7,Hadley Wickham,Data Science,2022,20,6
163,Databases Essentials 3,Jeffrey Ullman,Databases,2005,8,6
164,Data Science Essentials 6,Jake VanderPlas,Data Science,2009,20,7
165,Data Science Essentials 9,Aurélien Géron,Data Science,2009,19,15
166,Artificial Intelligence Essentials 6,Stuart Russell,Artificial Intelligence,2007,12,9
167,Programming Essentials 8,E. Balagurusamy,Programming,2006,8,7
168,Cybersecurity Essentials 5,Bruce Schneier,Cybersecurity,2007,16,13
169,Artificial Intelligence Essentials 8,Stuart Russell,Artificial Intelligence,2010,12,9
170,Cybersecurity Essentials 10,Kevin Mitnick,Cybersecurity,2005,14,7
171,Artificial Intelligence Essentials 4,Stuart Russell,Artificial Intelligence,2021,17,10
172,Artificial Intelligence Essentials 9,Peter Norvig,Artificial Intelligence,2015,17,1
173,Networking Essentials 6,James F. Kurose,Networking,2006,12,1
174,Cybersecurity Essentials 2,Kevin Mitnick,Cybersecurity,2004,12,7
175,Artificial Intelligence Essentials 7,Max Tegmark,Artificial Intelligence,2016,8,6
176,Databases Essentials 9,Jeffrey Ullman,Databases,2007,13,4
177,Networking Essentials 5,Douglas E. Comer,Networking,2010,15,4
178,Cybersecurity Essentials 1,Kevin Mitnick,Cybersecurity,2006,11,5
179,Programming Essentials 5,Yashavant Kanetkar,Programming,2007,9,7
180,Artificial Intelligence Essentials 8,Max Tegmark,Artificial Intelligence,2020,17,12
181,Databases Essentials 3,Hector Garcia-Molina,Databases,2022,9,4
182,Data Science Essentials 9,Hadley Wickham,Data Science,2023,16,3
183,Databases Essentials 4,Hector Garcia-Molina,Databases,2018,12,5
184,Databases Essentials 10,Jeffrey Ullman,Databases,2003,10,2
185,Data Science Essentials 7,Aurélien Géron,Data Science,2023,11,6
186,Artificial Intelligence Essentials 6,Max Tegmark,Artificial Intelligence,2001,20,19
187,Cybersecurity Essentials 9,Kevin Mitnick,Cybersecurity,2006,13,12
188,Artificial Intelligence Essentials 6,Peter Norvig,Artificial Intelligence,2000,15,2
189,Networking Essentials 9,James F. Kurose,Networking,2001,18,1
190,Databases Essentials 8,Jeffrey Ullman,Databases,2009,14,5
191,Networking Essentials 3,Andrew S. Tanenbaum,Networking,2020,15,7
192,Databases Essentials 10,Raghu Ramakrishnan,Databases,2008,18,17
193,Cybersecurity Essentials 3,William Stallings,Cybersecurity,2008,14,11
194,Programming Essentials 6,Robert C. Martin,Programming,2022,10,1
195,Databases Essentials 1,Jeffrey Ullman,Databases,2018,7,5
196,Data Science Essentials 2,Aurélien Géron,Data Science,2022,10,4
197,Artificial Intelligence Essentials 6,Ian Goodfellow,Artificial Intelligence,2015,7,3
198,Databases Essentials 10,Jeffrey Ullman,Databases,2017,13,8
199,Artificial Intelligence Essentials 8,Ian Goodfellow,Artificial Intelligence,2006,11,1
200,Data Science Essentials 8,Jake VanderPlas,Data Science,2010,8,5
201,Databases Essentials 10,Jeffrey Ullman,Databases,2013,13,9
202,Data Science Essentials 10,Aurélien Géron,Data Science,2000,16,3
203,Data Science Essentials 3,Hadley Wickham,Data Science,2015,5,2
204,Data Science Essentials 9,Aurélien Géron,Data Science,2023,20,17
205,Databases Essentials 5,Jeffrey Ullman,Databases,2006,15,8
206,Artificial Intelligence Essentials 6,Max Tegmark,Artificial Intelligence,2012,9,7
207,Data Science Essentials 4,Jake VanderPlas,Data Science,2010,11,9
208,Data Science Essentials 10,Aurélien Géron,Data Science,2000,5,4
209,Networking Essentials 10,James F. Kurose,Networking,2009,16,16
210,Programming Essentials 9,Yashavant Kanetkar,Programming,2024,10,8
211,Databases Essentials 10,Jeffrey Ullman,Databases,2001,11,9
212,Databases Essentials 10,C.J. Date,Databases,2017,18,5
213,Artificial Intelligence Essentials 2,Stuart Russell,Artificial Intelligence,2003,16,7
214,Programming Essentials 7,E. Balagurusamy,Programming,2001,10,8
215,Programming Essentials 9,Herbert Schildt,Programming,2001,20,9
216,Cybersecurity Essentials 1,William Stallings,Cybersecurity,2011,10,5
217,Networking Essentials 7,Keith W. Ross,Networking,2006,11,1
218,Networking Essentials 2,Andrew S. Tanenbaum,Networking,2010,6,1
219,Programming Essentials 10,Robert C. Martin,Programming,2013,16,4
220,Cybersecurity Essentials 9,Bruce Schneier,Cybersecurity,2021,16,4
221,Networking Essentials 5,Douglas E. Comer,Networking,2017,14,13
222,Programming Essentials 4,Yashavant Kanetkar,Programming,2000,13,3
223,Databases Essentials 6,Raghu Ramakrishnan,Databases,2016,9,4
224,Cybersecurity Essentials 4,Bruce Schneier,Cybersecurity,2009,19,3
225,Networking Essentials 9,James F. Kurose,Networking,2024,8,5
226,Cybersecurity Essentials 9,Wendell Odom,Cybersecurity,2011,15,13
227,Data Science Essentials 4,Jake VanderPlas,Data Science,2019,12,7
228,Programming Essentials 7,Yashavant Kanetkar,Programming,2014,20,10
229,Cybersecurity Essentials 10,Wendell Odom,Cybersecurity,2017,14,7
230,Networking Essentials 8,Douglas E. Comer,Networking,2019,10,2
231,Networking Essentials 7,James F. Kurose,Networking,2014,5,2
232,Databases Essentials 6,Hector Garcia-Molina,Databases,2013,17,16
233,Programming Essentials 6,Yashavant Kanetkar,Programming,2024,6,5
234,Data Science Essentials 6,Aurélien Géron,Data Science,2009,10,3
235,Artificial Intelligence Essentials 1,Peter Norvig,Artificial Intelligence,2005,7,1
236,Databases Essentials 10,Raghu Ramakrishnan,Databases,2023,13,10
237,Programming Essentials 9,Robert C. Martin,Programming,2014,13,13
238,Databases Essentials 10,Jeffrey Ullman,Databases,2018,12,12
239,Data Science Essentials 7,Hadley Wickham,Data Science,2021,10,8
240,Databases Essentials 5,Jeffrey Ullman,Databases,2004,10,1
241,Data Science Essentials 8,Aurélien Géron,Data Science,2009,15,7
242,Cybersecurity Essentials 1,Bruce Schneier,Cybersecurity,2014,19,19
243,Data Science Essentials 3,Jake VanderPlas,Data Science,2004,10,4
244,Networking Essentials 1,Andrew S. Tanenbaum,Networking,2020,12,2
245,Networking Essentials 3,James F. Kurose,Networking,2024,5,2
246,Programming Essentials 9,E. Balagurusamy,Programming,2017,8,2
247,Data Science Essentials 7,Jake VanderPlas,Data Science,2005,14,1
248,Artificial Intelligence Essentials 8,Ian Goodfellow,Artificial Intelligence,2024,19,2
249,Data Science Essentials 3,Joel Grus,Data Science,2017,19,7
250,Cybersecurity Essentials 9,William Stallings,Cybersecurity,2001,20,7
251,Databases Essentials 1,Jeffrey Ullman,Databases,2018,9,8
252,Databases Essentials 6,Raghu Ramakrishnan,Databases,2011,16,1
253,Programming Essentials 5,Robert C. Martin,Programming,2009,6,3
254,Networking Essentials 4,Douglas E. Comer,Networking,2005,14,5
255,Data Science Essentials 10,Joel Grus,Data Science,2001,19,2
256,Programming Essentials 1,Herbert Schildt,Programming,2004,14,11
257,Data Science Essentials 2,Aurélien Géron,Data Science,2001,13,10
258,Artificial Intelligence Essentials 4,Ian Goodfellow,Artificial Intelligence,2020,9,5
259,Cybersecurity Essentials 8,Kevin Mitnick,Cybersecurity,2019,8,8
260,Networking Essentials 3,Douglas E. Comer,Networking,2003,6,3
261,Networking Essentials 7,Keith W. Ross,Networking,2020,9,8
262,Networking Essentials 7,Douglas E. Comer,Networking,2014,8,3
263,Artificial Intelligence Essentials 2,Stuart Russell,Artificial Intelligence,2017,14,3
264,Artificial Intelligence Essentials 4,Peter Norvig,Artificial Intelligence,2012,14,3
265,Artificial Intelligence Essentials 3,Max Tegmark,Artificial Intelligence,2012,18,16
266,Databases Essentials 8,Raghu Ramakrishnan,Databases,2020,16,6
267,Artificial Intelligence Essentials 5,Ian Goodfellow,Artificial Intelligence,2003,19,17
268,Programming Essentials 3,Herbert Schildt,Programming,2009,14,11
269,Cybersecurity Essentials 2,Wendell Odom,Cybersecurity,2003,20,14
270,Programming Essentials 2,E. Balagurusamy,Programming,2014,13,2
271,Networking Essentials 6,Andrew S. Tanenbaum,Networking,2006,10,2
272,Networking Essentials 1,Keith W. Ross,Networking,2002,11,8
273,Networking Essentials 6,Douglas E. Comer,Networking,2015,13,5
274,Cybersecurity Essentials 4,Kevin Mitnick,Cybersecurity,2012,10,2
275,Artificial Intelligence Essentials 2,Ian Goodfellow,Artificial Intelligence,2009,18,2
276,Artificial Intelligence Essentials 10,Max Tegmark,Artificial Intelligence,2017,13,10
277,Artificial Intelligence Essentials 9,Stuart Russell,Artificial Intelligence,2011,9,3
278,Artificial Intelligence Essentials 2,Ian Goodfellow,Artificial Intelligence,2010,13,2
279,Cybersecurity Essentials 9,Wendell Odom,Cybersecurity,2021,13,12
280,Artificial Intelligence Essentials 3,Max Tegmark,Artificial Intelligence,2008,8,7
281,Programming Essentials 9,Robert C. Martin,Programming,2000,17,15
282,Data Science Essentials 7,Hadley Wickham,Data Science,2022,17,4
283,Databases Essentials 3,Hector Garcia-Molina,Databases,2008,10,8
284,Cybersecurity Essentials 3,Bruce Schneier,Cybersecurity,2010,16,14
285,Networking Essentials 6,Andrew S. Tanenbaum,Networking,2022,15,1
286,Cybersecurity Essentials 1,Wendell Odom,Cybersecurity,2016,12,2
287,Databases Essentials 3,Hector Garcia-Molina,Databases,2000,15,3
288,Artificial Intelligence Essentials 2,Max Tegmark,Artificial Intelligence,2014,5,2
289,Databases Essentials 6,Hector Garcia-Molina,Databases,2010,19,19
290,Programming Essentials 7,E. Balagurusamy,Programming,2004,13,5
291,Programming Essentials 4,E. Balagurusamy,Programming,2017,20,19
292,Artificial Intelligence Essentials 5,Peter Norvig,Artificial Intelligence,2020,20,17
293,Programming Essentials 7,Robert C. Martin,Programming,2017,5,5
294,Data Science Essentials 8,Hadley Wickham,Data Science,2022,17,7
295,Artificial Intelligence Essentials 2,Ian Goodfellow,Artificial Intelligence,2005,20,13
296,Databases Essentials 3,C.J. Date,Databases,2014,12,11
297,Programming Essentials 5,Yashavant Kanetkar,Programming,2007,11,4
298,Databases Essentials 8,Jeffrey Ullman,Databases,2014,12,3
299,Networking Essentials 3,Andrew S. Tanenbaum,Networking,2005,5,4
300,Cybersecurity Essentials 6,William Stallings,Cybersecurity,2007,7,5
301,Programming Essentials 6,Herbert Schildt,Programming,2004,6,5
302,Databases Essentials 7,Jeffrey Ullman,Databases,2018,14,9
303,Data Science Essentials 9,Aurélien Géron,Data Science,2013,10,7
304,Artificial Intelligence Essentials 1,Ian Goodfellow,Artificial Intelligence,2012,12,7
305,Cybersecurity Essentials 1,Wendell Odom,Cybersecurity,2017,20,7
306,Data Science Essentials 5,Hadley Wickham,Data Science,2016,19,11
307,Databases Essentials 5,Raghu Ramakrishnan,Databases,2004,9,1
308,Artificial Intelligence Essentials 8,Max Tegmark,Artificial Intelligence,2008,16,7
309,Networking Essentials 5,James F. Kurose,Networking,2016,7,6
310,Networking Essentials 5,Andrew S. Tanenbaum,Networking,2017,14,4
311,Networking Essentials 6,Douglas E. Comer,Networking,2011,19,10
312,Cybersecurity Essentials 5,William Stallings,Cybersecurity,2014,14,1
313,Artificial Intelligence Essentials 1,Max Tegmark,Artificial Intelligence,2024,14,5
314,Cybersecurity Essentials 9,Wendell Odom,Cybersecurity,2005,20,1
315,Artificial Intelligence Essentials 1,Max Tegmark,Artificial Intelligence,2019,14,4
316,Networking Essentials 7,James F. Kurose,Networking,2003,20,12
317,Programming Essentials 7,Yashavant Kanetkar,Programming,2022,20,16
318,Data Science Essentials 2,Aurélien Géron,Data Science,2014,15,5
319,Programming Essentials 6,E. Balagurusamy,Programming,2006,14,14
320,Networking Essentials 7,James F. Kurose,Networking,2013,16,6
321,Networking Essentials 6,James F. Kurose,Networking,2002,10,8
322,Cybersecurity Essentials 10,Bruce Schneier,Cybersecurity,2013,12,2
323,Programming Essentials 7,Robert C. Martin,Programming,2020,10,3
324,Cybersecurity Essentials 8,Kevin Mitnick,Cybersecurity,2024,10,6
325,Networking Essentials 9,James F. Kurose,Networking,2023,17,7
326,Programming Essentials 6,Herbert Schildt,Programming,2008,8,8
327,Data Science Essentials 1,Jake VanderPlas,Data Science,2013,5,5
328,Cybersecurity Essentials 6,Bruce Schneier,Cybersecurity,2000,11,10
329,Cybersecurity Essentials 6,Wendell Odom,Cybersecurity,2006,12,10
330,Databases Essentials 4,C.J. Date,Databases,2024,8,8
331,Programming Essentials 9,Yashavant Kanetkar,Programming,2000,16,4
332,Artificial Intelligence Essentials 5,Max Tegmark,Artificial Intelligence,2002,11,3
333,Databases Essentials 3,Raghu Ramakrishnan,Databases,2010,12,12
334,Artificial Intelligence Essentials 2,Stuart Russell,Artificial Intelligence,2021,14,13
335,Artificial Intelligence Essentials 4,Peter Norvig,Artificial Intelligence,2005,8,2
336,Programming Essentials 7,Herbert Schildt,Programming,2015,9,2
337,Cybersecurity Essentials 10,Bruce Schneier,Cybersecurity,2009,16,16
338,Cybersecurity Essentials 2,William Stallings,Cybersecurity,2013,8,3
339,Programming Essentials 6,Yashavant Kanetkar,Programming,2001,15,6
340,Programming Essentials 8,Robert C. Martin,Programming,2010,16,7
341,Artificial Intelligence Essentials 2,Ian Goodfellow,Artificial Intelligence,2005,13,7
342,Networking Essentials 9,Andrew S. Tanenbaum,Networking,2010,9,7
343,Databases Essentials 8,Jeffrey Ullman,Databases,2013,8,8
344,Artificial Intelligence Essentials 2,Max Tegmark,Artificial Intelligence,2013,7,3
345,Data Science Essentials 3,Jake VanderPlas,Data Science,2001,6,4
346,Networking Essentials 3,Andrew S. Tanenbaum,Networking,2017,14,7
347,Data Science Essentials 5,Joel Grus,Data Science,2007,19,6
348,Networking Essentials 2,Keith W. Ross,Networking,2021,16,9
349,Networking Essentials 6,Keith W. Ross,Networking,2018,12,1
350,Cybersecurity Essentials 10,Bruce Schneier,Cybersecurity,2018,10,7
351,Databases Essentials 9,C.J. Date,Databases,2017,7,2
352,Data Science Essentials 1,Jake VanderPlas,Data Science,2014,7,2
353,Artificial Intelligence Essentials 6,Stuart Russell,Artificial Intelligence,2018,15,12
354,Networking Essentials 9,Keith W. Ross,Networking,2009,5,1
355,Databases Essentials 6,C.J. Date,Databases,2023,11,6
356,Data Science Essentials 2,Jake VanderPlas,Data Science,2020,5,5
357,Artificial Intelligence Essentials 4,Ian Goodfellow,Artificial Intelligence,2018,18,12
358,Cybersecurity Essentials 2,Wendell Odom,Cybersecurity,2020,5,5
359,Programming Essentials 6,Herbert Schildt,Programming,2017,9,1
360,Networking Essentials 9,Keith W. Ross,Networking,2000,11,3
361,Networking Essentials 10,Andrew S. Tanenbaum,Networking,2012,15,2
362,Programming Essentials 1,Yashavant Kanetkar,Programming,2018,13,8
363,Databases Essentials 6,Hector Garcia-Molina,Databases,2000,5,5
364,Data Science Essentials 6,Jake VanderPlas,Data Science,2008,12,8
365,Cybersecurity Essentials 9,Wendell Odom,Cybersecurity,2014,10,8
366,Artificial Intelligence Essentials 10,Max Tegmark,Artificial Intelligence,2000,20,5
367,Networking Essentials 7,Douglas E. Comer,Networking,2012,16,3
368,Data Science Essentials 4,Jake VanderPlas,Data Science,2006,19,17
369,Data Science Essentials 7,Hadley Wickham,Data Science,2017,8,7
370,Programming Essentials 4,Herbert Schildt,Programming,2024,16,12
371,Data Science Essentials 4,Aurélien Géron,Data Science,2000,19,8
372,Programming Essentials 3,E. Balagurusamy,Programming,2017,12,5
373,Databases Essentials 2,Raghu Ramakrishnan,Databases,2024,12,7
374,Databases Essentials 8,Hector Garcia-Molina,Databases,2002,19,16
375,Databases Essentials 3,Hector Garcia-Molina,Databases,2001,19,16
376,Cybersecurity Essentials 6,Bruce Schneier,Cybersecurity,2008,18,15
377,Artificial Intelligence Essentials 8,Max Tegmark,Artificial Intelligence,2010,8,8
378,Networking Essentials 9,James F. Kurose,Networking,2005,16,6
379,Data Science Essentials 9,Jake VanderPlas,Data Science,2003,20,8
380,Programming Essentials 3,E. Balagurusamy,Programming,2001,9,4
381,Cybersecurity Essentials 5,Wendell Odom,Cybersecurity,2019,14,6
382,Networking Essentials 8,Douglas E. Comer,Networking,2017,16,6
383,Artificial Intelligence Essentials 8,Ian Goodfellow,Artificial Intelligence,2015,8,2
384,Data Science Essentials 1,Hadley Wickham,Data Science,2021,13,2
385,Cybersecurity Essentials 3,William Stallings,Cybersecurity,2021,5,1
386,Artificial Intelligence Essentials 6,Max Tegmark,Artificial Intelligence,2019,20,4
387,Data Science Essentials 8,Jake VanderPlas,Data Science,2020,16,5
388,Databases Essentials 7,C.J. Date,Databases,2023,13,11
389,Programming Essentials 4,Robert C. Martin,Programming,2016,16,13
390,Data Science Essentials 5,Joel Grus,Data Science,2021,8,6
391,Programming Essentials 5,Yashavant Kanetkar,Programming,2009,16,5
392,Data Science Essentials 1,Aurélien Géron,Data Science,2011,11,4
393,Networking Essentials 2,Keith W. Ross,Networking,2001,15,10
394,Data Science Essentials 4,Joel Grus,Data Science,2005,19,4
395,Cybersecurity Essentials 10,Wendell Odom,Cybersecurity,2001,18,10
396,Artificial Intelligence Essentials 10,Ian Goodfellow,Artificial Intelligence,2013,12,8
397,Artificial Intelligence Essentials 8,Peter Norvig,Artificial Intelligence,2019,9,3
398,Data Science Essentials 9,Joel Grus,Data Science,2000,13,12
399,Artificial Intelligence Essentials 9,Stuart Russell,Artificial Intelligence,2001,12,5
400,Databases Essentials 7,C.J. Date,Databases,2016,10,5
401,Networking Essentials 2,Douglas E. Comer,Networking,2008,17,15
402,Cybersecurity Essentials 3,William Stallings,Cybersecurity,2010,7,7
403,Programming Essentials 9,Robert C. Martin,Programming,2013,17,14
404,Data Science Essentials 7,Aurélien Géron,Data Science,2021,20,16
405,Artificial Intelligence Essentials 1,Stuart Russell,Artificial Intelligence,2009,10,9
406,Cybersecurity Essentials 7,Bruce Schneier,Cybersecurity,2017,12,2
407,Artificial Intelligence Essentials 4,Peter Norvig,Artificial Intelligence,2003,10,9
408,Cybersecurity Essentials 10,Kevin Mitnick,Cybersecurity,2003,20,4
409,Artificial Intelligence Essentials 4,Peter Norvig,Artificial Intelligence,2016,7,2
410,Data Science Essentials 5,Aurélien Géron,Data Science,2007,12,11
411,Networking Essentials 6,Andrew S. Tanenbaum,Networking,2017,8,5
412,Data Science Essentials 8,Jake VanderPlas,Data Science,2006,18,7
413,Data Science Essentials 8,Hadley Wickham,Data Science,2022,16,16
414,Networking Essentials 8,Douglas E. Comer,Networking,2023,12,8
415,Data Science Essentials 10,Jake VanderPlas,Data Science,2020,7,5
416,Networking Essentials 8,James F. Kurose,Networking,2009,8,8
417,Networking Essentials 4,Keith W. Ross,Networking,2008,5,5
418,Data Science Essentials 5,Jake VanderPlas,Data Science,2020,8,8
419,Databases Essentials 9,C.J. Date,Databases,2000,13,10
420,Networking Essentials 8,Andrew S. Tanenbaum,Networking,2016,6,1
421,Data Science Essentials 2,Joel Grus,Data Science,2014,7,3
422,Cybersecurity Essentials 7,Bruce Schneier,Cybersecurity,2018,19,7
423,Data Science Essentials 2,Aurélien Géron,Data Science,2009,5,2
424,Networking Essentials 9,Andrew S. Tanenbaum,Networking,2001,16,6
425,Artificial Intelligence Essentials 3,Ian Goodfellow,Artificial Intelligence,2018,5,1
426,Artificial Intelligence Essentials 9,Stuart Russell,Artificial Intelligence,2018,15,3
427,Programming Essentials 10,Herbert Schildt,Programming,2020,6,5
428,Data Science Essentials 2,Aurélien Géron,Data Science,2019,6,1
429,Programming Essentials 2,Robert C. Martin,Programming,2008,15,7
430,Databases Essentials 9,Raghu Ramakrishnan,Databases,2002,5,2
431,Cybersecurity Essentials 2,Bruce Schneier,Cybersecurity,2012,20,7
432,Data Science Essentials 9,Jake VanderPlas,Data Science,2017,15,15
433,Databases Essentials 3,Hector Garcia-Molina,Databases,2002,9,2
434,Programming Essentials 8,E. Balagurusamy,Programming,2004,20,14
435,Artificial Intelligence Essentials 10,Max Tegmark,Artificial Intelligence,2008,12,6
436,Databases Essentials 8,C.J. Date,Databases,2000,9,7
437,Artificial Intelligence Essentials 4,Stuart Russell,Artificial Intelligence,2023,11,3
438,Data Science Essentials 9,Joel Grus,Data Science,2018,6,3
439,Cybersecurity Essentials 3,Wendell Odom,Cybersecurity,2011,19,12
440,Databases Essentials 1,C.J. Date,Databases,2009,10,8
441,Cybersecurity Essentials 7,Bruce Schneier,Cybersecurity,2009,12,4
442,Data Science Essentials 5,Aurélien Géron,Data Science,2017,13,3
443,Data Science Essentials 7,Hadley Wickham,Data Science,2012,20,1
444,Networking Essentials 8,Douglas E. Comer,Networking,2008,9,2
445,Cybersecurity Essentials 4,William Stallings,Cybersecurity,2022,15,2
446,Artificial Intelligence Essentials 1,Peter Norvig,Artificial Intelligence,2003,11,7
447,Programming Essentials 4,Yashavant Kanetkar,Programming,2012,5,5
448,Networking Essentials 3,Keith W. Ross,Networking,2010,11,9
449,Data Science Essentials 9,Hadley Wickham,Data Science,2014,15,2
450,Data Science Essentials 3,Aurélien Géron,Data Science,2024,14,12
451,Networking Essentials 9,Douglas E. Comer,Networking,2018,8,7
452,Data Science Essentials 2,Hadley Wickham,Data Science,2008,12,11
453,Cybersecurity Essentials 3,Bruce Schneier,Cybersecurity,2004,7,5
454,Cybersecurity Essentials 4,Kevin Mitnick,Cybersecurity,2004,14,13
455,Artificial Intelligence Essentials 5,Max Tegmark,Artificial Intelligence,2007,20,20
456,Programming Essentials 10,Yashavant Kanetkar,Programming,2012,9,7
457,Programming Essentials 2,Herbert Schildt,Programming,2005,9,1
458,Cybersecurity Essentials 10,Wendell Odom,Cybersecurity,2011,18,11
459,Programming Essentials 7,E. Balagurusamy,Programming,2016,8,5
460,Networking Essentials 1,Andrew S. Tanenbaum,Networking,2012,20,14
461,Programming Essentials 8,Yashavant Kanetkar,Programming,2024,16,6
462,Networking Essentials 7,Douglas E. Comer,Networking,2019,6,1
463,Databases Essentials 2,Jeffrey Ullman,Databases,2017,6,6
464,Networking Essentials 7,Andrew S. Tanenbaum,Networking,2009,7,4
465,Data Science Essentials 8,Joel Grus,Data Science,2020,15,11
466,Cybersecurity Essentials 4,Kevin Mitnick,Cybersecurity,2002,5,1
467,Artificial Intelligence Essentials 10,Max Tegmark,Artificial Intelligence,2023,11,10
468,Programming Essentials 5,Robert C. Martin,Programming,2011,8,8
469,Programming Essentials 6,Herbert Schildt,Programming,2020,12,7
470,Networking Essentials 10,Andrew S. Tanenbaum,Networking,2015,13,11
471,Artificial Intelligence Essentials 8,Stuart Russell,Artificial Intelligence,2015,17,14
472,Networking Essentials 1,James F. Kurose,Networking,2020,6,6
473,Programming Essentials 3,E. Balagurusamy,Programming,2007,19,5
474,Artificial Intelligence Essentials 5,Peter Norvig,Artificial Intelligence,2018,18,11
475,Programming Essentials 6,Yashavant Kanetkar,Programming,2004,12,9
476,Data Science Essentials 2,Hadley Wickham,Data Science,2024,16,8
477,Cybersecurity Essentials 8,Wendell Odom,Cybersecurity,2024,5,2
478,Cybersecurity Essentials 8,William Stallings,Cybersecurity,2024,13,1
479,Cybersecurity Essentials 1,Bruce Schneier,Cybersecurity,2021,15,6
480,Databases Essentials 10,C.J. Date,Databases,2004,19,19
481,Programming Essentials 9,Herbert Schildt,Programming,2003,8,6
482,Data Science Essentials 7,Jake VanderPlas,Data Science,2000,6,3
483,Programming Essentials 10,Yashavant Kanetkar,Programming,2007,19,3
484,Cybersecurity Essentials 3,William Stallings,Cybersecurity,2021,9,7
485,Programming Essentials 5,Yashavant Kanetkar,Programming,2018,13,11
486,Databases Essentials 10,Jeffrey Ullman,Databases,2022,10,8
487,Artificial Intelligence Essentials 4,Peter Norvig,Artificial Intelligence,2009,15,6
488,Networking Essentials 1,James F. Kurose,Networking,2010,15,9
489,Cybersecurity Essentials 10,William Stallings,Cybersecurity,2015,13,4
490,Data Science Essentials 4,Hadley Wickham,Data Science,2009,9,6
491,Cybersecurity Essentials 3,William Stallings,Cybersecurity,2021,15,15
492,Artificial Intelligence Essentials 7,Max Tegmark,Artificial Intelligence,2001,8,5
493,Databases Essentials 10,C.J. Date,Databases,2006,8,6
494,Artificial Intelligence Essentials 5,Stuart Russell,Artificial Intelligence,2000,15,10
495,Networking Essentials 4,Douglas E. Comer,Networking,2000,15,11
496,Artificial Intelligence Essentials 3,Stuart Russell,Artificial Intelligence,2014,17,11
497,Databases Essentials 1,Raghu Ramakrishnan,Databases,2015,18,14
498,Cybersecurity Essentials 7,William Stallings,Cybersecurity,2013,11,2
499,Networking Essentials 7,Andrew S. Tanenbaum,Networking,2019,19,14
500,Cybersecurity Essentials 5,Bruce Schneier,Cybersecurity,2004,17,8
501,Cybersecurity Essentials 3,Bruce Schneier,Cybersecurity,2010,10,7
502,Databases Essentials 4,C.J. Date,Databases,2018,11,5
503,Artificial Intelligence Essentials 4,Peter Norvig,Artificial Intelligence,2011,9,9
504,Databases Essentials 7,Hector Garcia-Molina,Databases,2016,17,10
505,Databases Essentials 4,Hector Garcia-Molina,Databases,2019,9,2
506,Networking Essentials 1,Andrew S. Tanenbaum,Networking,2020,6,6
507,Programming Essentials 9,Yashavant Kanetkar,Programming,2003,15,6
508,Databases Essentials 7,Raghu Ramakrishnan,Databases,2002,12,6
509,Programming Essentials 6,E. Balagurusamy,Programming,2022,20,14
510,Artificial Intelligence Essentials 9,Ian Goodfellow,Artificial Intelligence,2003,18,10
511,Databases Essentials 10,C.J. Date,Databases,2004,8,1
512,Networking Essentials 6,Keith W. Ross,Networking,2023,18,18
513,Data Science Essentials 1,Joel Grus,Data Science,2018,10,3
514,Programming Essentials 2,Herbert Schildt,Programming,2005,17,8
515,Programming Essentials 4,E. Balagurusamy,Programming,2022,11,7
516,Databases Essentials 3,Hector Garcia-Molina,Databases,2000,20,15
517,Data Science Essentials 10,Aurélien Géron,Data Science,2014,5,3
518,Cybersecurity Essentials 3,Kevin Mitnick,Cybersecurity,2021,18,8
519,Databases Essentials 10,Jeffrey Ullman,Databases,2022,18,9
520,Networking Essentials 9,James F. Kurose,Networking,2011,16,4
521,Programming Essentials 8,E. Balagurusamy,Programming,2009,9,2
522,Programming Essentials 8,Yashavant Kanetkar,Programming,2001,6,5
523,Data Science Essentials 2,Aurélien Géron,Data Science,2023,11,9
524,Databases Essentials 10,Hector Garcia-Molina,Databases,2016,12,1
525,Artificial Intelligence Essentials 7,Max Tegmark,Artificial Intelligence,2006,20,8
526,Databases Essentials 3,Jeffrey Ullman,Databases,2007,14,10
527,Programming Essentials 6,Herbert Schildt,Programming,2002,19,9
528,Databases Essentials 6,Hector Garcia-Molina,Databases,2019,18,1
529,Networking Essentials 6,James F. Kurose,Networking,2010,20,19
530,Artificial Intelligence Essentials 6,Stuart Russell,Artificial Intelligence,2014,16,11
531,Cybersecurity Essentials 3,Wendell Odom,Cybersecurity,2017,7,5
532,Programming Essentials 9,Herbert Schildt,Programming,2020,11,9
533,Cybersecurity Essentials 3,Wendell Odom,Cybersecurity,2002,16,14
534,Cybersecurity Essentials 9,Bruce Schneier,Cybersecurity,2015,20,13
535,Databases Essentials 3,Jeffrey Ullman,Databases,2018,5,4
536,Cybersecurity Essentials 7,Wendell Odom,Cybersecurity,2013,16,10
537,Artificial Intelligence Essentials 2,Stuart Russell,Artificial Intelligence,2022,5,1
538,Artificial Intelligence Essentials 3,Peter Norvig,Artificial Intelligence,2002,18,15
539,Programming Essentials 9,E. Balagurusamy,Programming,2007,15,2
540,Networking Essentials 5,Douglas E. Comer,Networking,2004,20,12
541,Programming Essentials 1,E. Balagurusamy,Programming,2020,15,1
542,Programming Essentials 3,Yashavant Kanetkar,Programming,2001,8,4
543,Data Science Essentials 10,Hadley Wickham,Data Science,2024,6,4
544,Cybersecurity Essentials 6,William Stallings,Cybersecurity,2001,18,13
545,Cybersecurity Essentials 4,Kevin Mitnick,Cybersecurity,2011,9,2
546,Programming Essentials 10,Herbert Schildt,Programming,2018,10,2
547,Networking Essentials 8,James F. Kurose,Networking,2010,16,12
548,Artificial Intelligence Essentials 3,Max Tegmark,Artificial Intelligence,2011,8,7
549,Networking Essentials 2,James F. Kurose,Networking,2002,9,8
550,Data Science Essentials 10,Aurélien Géron,Data Science,2016,16,14
551,Artificial Intelligence Essentials 3,Peter Norvig,Artificial Intelligence,2011,6,5
552,Programming Essentials 8,Robert C. Martin,Programming,2005,11,4
553,Networking Essentials 2,James F. Kurose,Networking,2000,5,2
554,Programming Essentials 8,Herbert Schildt,Programming,2013,9,6
555,Data Science Essentials 2,Aurélien Géron,Data Science,2000,8,7
556,Databases Essentials 6,Hector Garcia-Molina,Databases,2010,6,6
557,Networking Essentials 5,Keith W. Ross,Networking,2023,20,12
558,Cybersecurity Essentials 5,Kevin Mitnick,Cybersecurity,2022,18,8
559,Databases Essentials 2,Hector Garcia-Molina,Databases,2005,8,5
560,Databases Essentials 3,Raghu Ramakrishnan,Databases,2004,9,3
561,Networking Essentials 3,Andrew S. Tanenbaum,Networking,2020,13,3
562,Databases Essentials 3,Hector Garcia-Molina,Databases,2020,19,9
563,Networking Essentials 3,James F. Kurose,Networking,2017,6,5
564,Databases Essentials 1,Hector Garcia-Molina,Databases,2024,15,10
565,Data Science Essentials 2,Joel Grus,Data Science,2007,9,7
566,Data Science Essentials 2,Joel Grus,Data Science,2017,5,5
567,Artificial Intelligence Essentials 3,Peter Norvig,Artificial Intelligence,2006,19,8
568,Networking Essentials 5,Andrew S. Tanenbaum,Networking,2011,10,3
569,Data Science Essentials 6,Aurélien Géron,Data Science,2008,15,10
570,Artificial Intelligence Essentials 3,Stuart Russell,Artificial Intelligence,2010,13,2
571,Data Science Essentials 2,Aurélien Géron,Data Science,2009,6,5
572,Data Science Essentials 8,Joel Grus,Data Science,2009,15,11
573,Artificial Intelligence Essentials 1,Peter Norvig,Artificial Intelligence,2006,19,4
574,Cybersecurity Essentials 2,Kevin Mitnick,Cybersecurity,2003,17,10
575,Artificial Intelligence Essentials 10,Max Tegmark,Artificial Intelligence,2023,7,7
576,Data Science Essentials 1,Joel Grus,Data Science,2012,17,6
577,Databases Essentials 7,Jeffrey Ullman,Databases,2021,20,19
578,Cybersecurity Essentials 10,Bruce Schneier,Cybersecurity,2009,6,2
579,Data Science Essentials 5,Aurélien Géron,Data Science,2003,17,15
580,Databases Essentials 3,C.J. Date,Databases,2017,7,1
581,Programming Essentials 1,Yashavant Kanetkar,Programming,2006,17,8
582,Cybersecurity Essentials 9,Bruce Schneier,Cybersecurity,2018,9,3
583,Networking Essentials 3,Keith W. Ross,Networking,2024,15,2
584,Data Science Essentials 3,Hadley Wickham,Data Science,2003,9,8
585,Cybersecurity Essentials 9,Wendell Odom,Cybersecurity,2013,16,7
586,Data Science Essentials 5,Joel Grus,Data Science,2015,14,5
587,Artificial Intelligence Essentials 7,Stuart Russell,Artificial Intelligence,2007,5,4
588,Networking Essentials 3,Andrew S. Tanenbaum,Networking,2007,10,5
589,Networking Essentials 2,Andrew S. Tanenbaum,Networking,2000,16,14
590,Cybersecurity Essentials 4,Kevin Mitnick,Cybersecurity,2016,20,19
591,Cybersecurity Essentials 6,Wendell Odom,Cybersecurity,2011,12,11
592,Data Science Essentials 6,Aurélien Géron,Data Science,2009,15,3
593,Cybersecurity Essentials 7,Wendell Odom,Cybersecurity,2008,9,9
594,Artificial Intelligence Essentials 9,Max Tegmark,Artificial Intelligence,2009,20,6
595,Cybersecurity Essentials 7,Wendell Odom,Cybersecurity,2018,7,3
596,Networking Essentials 4,James F. Kurose,Networking,2012,14,1
597,Data Science Essentials 2,Hadley Wickham,Data Science,2001,14,6
598,Networking Essentials 2,Keith W. Ross,Networking,2018,7,7
599,Databases Essentials 4,Raghu Ramakrishnan,Databases,2023,18,1
600,Cybersecurity Essentials 3,William Stallings,Cybersecurity,2016,18,18
601,Artificial Intelligence Essentials 6,Stuart Russell,Artificial Intelligence,2006,16,16
602,Artificial Intelligence Essentials 1,Max Tegmark,Artificial Intelligence,2000,6,4
603,Networking Essentials 8,Andrew S. Tanenbaum,Networking,2006,12,12
604,Data Science Essentials 2,Hadley Wickham,Data Science,2021,6,1
605,Artificial Intelligence Essentials 5,Peter Norvig,Artificial Intelligence,2010,9,3
606,Cybersecurity Essentials 5,Kevin Mitnick,Cybersecurity,2016,17,8
607,Artificial Intelligence Essentials 4,Ian Goodfellow,Artificial Intelligence,2022,13,8
608,Cybersecurity Essentials 1,Wendell Odom,Cybersecurity,2021,15,2
609,Programming Essentials 5,Herbert Schildt,Programming,2008,17,17
610,Networking Essentials 8,Keith W. Ross,Networking,2003,5,2
611,Programming Essentials 7,Robert C. Martin,Programming,2002,7,4
612,Databases Essentials 3,C.J. Date,Databases,2007,8,2
613,Networking Essentials 3,James F. Kurose,Networking,2011,6,6
614,Cybersecurity Essentials 5,William Stallings,Cybersecurity,2013,14,11
615,Networking Essentials 1,Keith W. Ross,Networking,2017,12,9
616,Databases Essentials 7,Raghu Ramakrishnan,Databases,2024,19,10
617,Artificial Intelligence Essentials 5,Stuart Russell,Artificial Intelligence,2019,7,4
618,Artificial Intelligence Essentials 10,Peter Norvig,Artificial Intelligence,2020,16,3
619,Artificial Intelligence Essentials 7,Peter Norvig,Artificial Intelligence,2007,12,9
620,Programming Essentials 1,Herbert Schildt,Programming,2013,20,2
621,Networking Essentials 1,Andrew S. Tanenbaum,Networking,2022,20,7
622,Data Science Essentials 5,Hadley Wickham,Data Science,2001,20,12
623,Networking Essentials 5,Keith W. Ross,Networking,2018,19,19
624,Databases Essentials 4,C.J. Date,Databases,2016,7,6
625,Networking Essentials 9,Douglas E. Comer,Networking,2003,20,15
626,Programming Essentials 10,E. Balagurusamy,Programming,2024,10,8
627,Databases Essentials 8,Jeffrey Ullman,Databases,2024,12,10
628,Networking Essentials 7,James F. Kurose,Networking,2018,12,10
629,Cybersecurity Essentials 9,William Stallings,Cybersecurity,2011,5,2
630,Cybersecurity Essentials 3,Wendell Odom,Cybersecurity,2011,8,8
631,Cybersecurity Essentials 1,William Stallings,Cybersecurity,2020,10,2
632,Databases Essentials 8,C.J. Date,Databases,2003,15,1
633,Cybersecurity Essentials 5,Kevin Mitnick,Cybersecurity,2023,19,13
634,Cybersecurity Essentials 3,Wendell Odom,Cybersecurity,2012,13,6
635,Databases Essentials 1,Raghu Ramakrishnan,Databases,2021,19,14
636,Databases Essentials 8,Hector Garcia-Molina,Databases,2011,7,1
637,Cybersecurity Essentials 10,Wendell Odom,Cybersecurity,2004,15,1
638,Databases Essentials 3,Jeffrey Ullman,Databases,2003,13,9
639,Databases Essentials 2,Hector Garcia-Molina,Databases,2021,14,7
640,Databases Essentials 4,Jeffrey Ullman,Databases,2004,20,5
641,Cybersecurity Essentials 1,Bruce Schneier,Cybersecurity,2015,13,11
642,Programming Essentials 8,Herbert Schildt,Programming,2019,13,11
643,Data Science Essentials 5,Jake VanderPlas,Data Science,2024,19,4
644,Programming Essentials 4,E. Balagurusamy,Programming,2015,18,10
645,Programming Essentials 1,Herbert Schildt,Programming,2003,12,9
646,Data Science Essentials 7,Hadley Wickham,Data Science,2008,5,2
647,Cybersecurity Essentials 2,William Stallings,Cybersecurity,2024,15,13
648,Networking Essentials 6,Douglas E. Comer,Networking,2011,19,19
649,Cybersecurity Essentials 2,William Stallings,Cybersecurity,2017,18,3
650,Cybersecurity Essentials 10,Bruce Schneier,Cybersecurity,2024,9,1
651,Programming Essentials 7,Yashavant Kanetkar,Programming,2016,14,14
652,Databases Essentials 5,Jeffrey Ullman,Databases,2000,14,3
653,Artificial Intelligence Essentials 10,Peter Norvig,Artificial Intelligence,2018,7,4
654,Cybersecurity Essentials 9,Wendell Odom,Cybersecurity,2011,12,10
655,Artificial Intelligence Essentials 6,Max Tegmark,Artificial Intelligence,2016,8,3
656,Data Science Essentials 6,Joel Grus,Data Science,2013,15,12
657,Data Science Essentials 9,Hadley Wickham,Data Science,2003,18,13
658,Networking Essentials 8,James F. Kurose,Networking,2020,15,3
659,Networking Essentials 1,Douglas E. Comer,Networking,2006,7,2
660,Programming Essentials 4,Herbert Schildt,Programming,2015,15,4
661,Programming Essentials 6,Herbert Schildt,Programming,2021,15,3
662,Cybersecurity Essentials 2,Kevin Mitnick,Cybersecurity,2014,9,7
663,Cybersecurity Essentials 4,William Stallings,Cybersecurity,2007,7,5
664,Artificial Intelligence Essentials 4,Peter Norvig,Artificial Intelligence,2010,5,3
665,Data Science Essentials 9,Joel Grus,Data Science,2018,6,1
666,Artificial Intelligence Essentials 5,Stuart Russell,Artificial Intelligence,2007,14,2
667,Data Science Essentials 8,Aurélien Géron,Data Science,2010,5,2
668,Data Science Essentials 1,Hadley Wickham,Data Science,2021,17,13
669,Artificial Intelligence Essentials 7,Stuart Russell,Artificial Intelligence,2001,9,8
670,Cybersecurity Essentials 8,Bruce Schneier,Cybersecurity,2024,19,12
671,Artificial Intelligence Essentials 7,Ian Goodfellow,Artificial Intelligence,2016,18,15
672,Data Science Essentials 7,Joel Grus,Data Science,2023,12,2
673,Data Science Essentials 10,Joel Grus,Data Science,2004,6,2
674,Networking Essentials 10,James F. Kurose,Networking,2004,7,2
675,Networking Essentials 9,Douglas E. Comer,Networking,2003,5,5
676,Data Science Essentials 1,Hadley Wickham,Data Science,2022,8,1
677,Artificial Intelligence Essentials 6,Stuart Russell,Artificial Intelligence,2013,15,6
678,Data Science Essentials 10,Jake VanderPlas,Data Science,2004,17,9
679,Cybersecurity Essentials 8,Kevin Mitnick,Cybersecurity,2020,19,10
680,Networking Essentials 10,Douglas E. Comer,Networking,2013,10,7
681,Networking Essentials 2,James F. Kurose,Networking,2009,15,6
682,Databases Essentials 8,C.J. Date,Databases,2024,10,8
683,Databases Essentials 1,Raghu Ramakrishnan,Databases,2004,13,13
684,Cybersecurity Essentials 10,Bruce Schneier,Cybersecurity,2007,15,13
685,Databases Essentials 7,Raghu Ramakrishnan,Databases,2020,15,12
686,Databases Essentials 1,Hector Garcia-Molina,Databases,2024,16,10
687,Artificial Intelligence Essentials 7,Peter Norvig,Artificial Intelligence,2008,14,13
688,Cybersecurity Essentials 1,William Stallings,Cybersecurity,2019,6,3
689,Data Science Essentials 1,Jake VanderPlas,Data Science,2022,7,1
690,Artificial Intelligence Essentials 5,Ian Goodfellow,Artificial Intelligence,2016,17,5
691,Artificial Intelligence Essentials 3,Peter Norvig,Artificial Intelligence,2002,8,6
692,Data Science Essentials 5,Hadley Wickham,Data Science,2017,9,8
693,Data Science Essentials 8,Jake VanderPlas,Data Science,2006,13,11
694,Databases Essentials 2,C.J. Date,Databases,2024,12,9
695,Artificial Intelligence Essentials 6,Stuart Russell,Artificial Intelligence,2023,12,10
696,Cybersecurity Essentials 2,Wendell Odom,Cybersecurity,2002,14,4
697,Cybersecurity Essentials 4,Wendell Odom,Cybersecurity,2000,18,4
698,Databases Essentials 8,C.J. Date,Databases,2020,8,4
699,Programming Essentials 5,Yashavant Kanetkar,Programming,2020,18,16
700,Databases Essentials 1,Raghu Ramakrishnan,Databases,2014,17,9
701,Data Science Essentials 6,Jake VanderPlas,Data Science,2006,7,4
702,Data Science Essentials 6,Hadley Wickham,Data Science,2012,12,5
703,Networking Essentials 9,Douglas E. Comer,Networking,2022,17,2
704,Databases Essentials 2,Hector Garcia-Molina,Databases,2023,9,6
705,Databases Essentials 3,Jeffrey Ullman,Databases,2020,15,8
706,Networking Essentials 9,James F. Kurose,Networking,2008,15,8
707,Data Science Essentials 4,Jake VanderPlas,Data Science,2004,13,11
708,Artificial Intelligence Essentials 4,Peter Norvig,Artificial Intelligence,2013,13,12
709,Networking Essentials 1,James F. Kurose,Networking,2003,18,11
710,Data Science Essentials 3,Jake VanderPlas,Data Science,2004,19,4
711,Programming Essentials 3,Robert C. Martin,Programming,2003,19,4
712,Databases Essentials 5,C.J. Date,Databases,2011,14,6
713,Cybersecurity Essentials 1,Bruce Schneier,Cybersecurity,2007,18,4
714,Databases Essentials 3,Raghu Ramakrishnan,Databases,2010,15,5
715,Networking Essentials 4,Andrew S. Tanenbaum,Networking,2019,12,6
716,Databases Essentials 1,C.J. Date,Databases,2004,11,5
717,Cybersecurity Essentials 4,Bruce Schneier,Cybersecurity,2012,9,9
718,Programming Essentials 5,Yashavant Kanetkar,Programming,2010,10,3
719,Programming Essentials 10,Yashavant Kanetkar,Programming,2005,9,9
720,Artificial Intelligence Essentials 6,Max Tegmark,Artificial Intelligence,2000,19,1
721,Artificial Intelligence Essentials 3,Peter Norvig,Artificial Intelligence,2012,5,5
722,Cybersecurity Essentials 1,William Stallings,Cybersecurity,2024,16,11
723,Databases Essentials 7,Hector Garcia-Molina,Databases,2017,19,1
724,Artificial Intelligence Essentials 9,Ian Goodfellow,Artificial Intelligence,2016,19,2
725,Cybersecurity Essentials 4,Bruce Schneier,Cybersecurity,2021,19,9
726,Databases Essentials 5,C.J. Date,Databases,2011,13,1
727,Networking Essentials 4,Douglas E. Comer,Networking,2024,17,9
728,Artificial Intelligence Essentials 9,Peter Norvig,Artificial Intelligence,2012,19,12
729,Artificial Intelligence Essentials 5,Stuart Russell,Artificial Intelligence,2007,5,1
730,Cybersecurity Essentials 7,Bruce Schneier,Cybersecurity,2016,20,16
731,Programming Essentials 5,Herbert Schildt,Programming,2021,20,12
732,Cybersecurity Essentials 4,William Stallings,Cybersecurity,2009,5,2
733,Artificial Intelligence Essentials 7,Ian Goodfellow,Artificial Intelligence,2002,18,10
734,Programming Essentials 3,Robert C. Martin,Programming,2015,6,1
735,Programming Essentials 7,Robert C. Martin,Programming,2006,7,4
736,Artificial Intelligence Essentials 9,Stuart Russell,Artificial Intelligence,2013,18,17
737,Cybersecurity Essentials 5,Bruce Schneier,Cybersecurity,2024,20,10
738,Cybersecurity Essentials 6,William Stallings,Cybersecurity,2003,11,4
739,Networking Essentials 4,James F. Kurose,Networking,2009,13,10
740,Databases Essentials 3,Hector Garcia-Molina,Databases,2008,19,16
741,Artificial Intelligence Essentials 1,Max Tegmark,Artificial Intelligence,2008,15,8
742,Cybersecurity Essentials 7,Kevin Mitnick,Cybersecurity,2016,6,5
743,Cybersecurity Essentials 2,Wendell Odom,Cybersecurity,2004,17,4
744,Artificial Intelligence Essentials 5,Max Tegmark,Artificial Intelligence,2016,14,1
745,Cybersecurity Essentials 9,Bruce Schneier,Cybersecurity,2001,15,12
746,Programming Essentials 9,Herbert Schildt,Programming,2002,13,4
747,Artificial Intelligence Essentials 1,Max Tegmark,Artificial Intelligence,2005,13,4
748,Artificial Intelligence Essentials 7,Max Tegmark,Artificial Intelligence,2014,12,5
749,Cybersecurity Essentials 4,William Stallings,Cybersecurity,2019,7,1
750,Artificial Intelligence Essentials 10,Peter Norvig,Artificial Intelligence,2018,14,3
751,Artificial Intelligence Essentials 8,Max Tegmark,Artificial Intelligence,2015,20,6
752,Databases Essentials 2,C.J. Date,Databases,2007,5,4
753,Programming Essentials 3,Herbert Schildt,Programming,2000,11,9
754,Programming Essentials 4,E. Balagurusamy,Programming,2021,18,2
755,Data Science Essentials 6,Aurélien Géron,Data Science,2000,7,5
756,Cybersecurity Essentials 6,Bruce Schneier,Cybersecurity,2024,20,10
757,Databases Essentials 9,Hector Garcia-Molina,Databases,2011,15,1
758,Networking Essentials 5,James F. Kurose,Networking,2000,18,11
759,Networking Essentials 6,Douglas E. Comer,Networking,2022,7,5
760,Databases Essentials 7,Raghu Ramakrishnan,Databases,2001,12,7
761,Data Science Essentials 10,Hadley Wickham,Data Science,2013,12,2
762,Artificial Intelligence Essentials 4,Max Tegmark,Artificial Intelligence,2006,10,6
763,Programming Essentials 6,Yashavant Kanetkar,Programming,2005,5,3
764,Networking Essentials 4,Andrew S. Tanenbaum,Networking,2024,14,9
765,Cybersecurity Essentials 10,William Stallings,Cybersecurity,2021,5,3
766,Artificial Intelligence Essentials 5,Stuart Russell,Artificial Intelligence,2000,8,8
767,Networking Essentials 2,James F. Kurose,Networking,2005,12,7
768,Databases Essentials 6,C.J. Date,Databases,2013,13,5
769,Cybersecurity Essentials 7,Wendell Odom,Cybersecurity,2010,11,3
770,Data Science Essentials 10,Aurélien Géron,Data Science,2016,8,4
771,Cybersecurity Essentials 9,William Stallings,Cybersecurity,2016,16,1
772,Databases Essentials 2,Jeffrey Ullman,Databases,2016,9,7
773,Networking Essentials 4,Keith W. Ross,Networking,2023,17,11
774,Cybersecurity Essentials 7,Wendell Odom,Cybersecurity,2007,11,8
775,Databases Essentials 7,Raghu Ramakrishnan,Databases,2018,6,2
776,Databases Essentials 2,C.J. Date,Databases,2003,7,6
777,Databases Essentials 10,Hector Garcia-Molina,Databases,2008,16,2
778,Databases Essentials 5,Jeffrey Ullman,Databases,2004,20,19
779,Artificial Intelligence Essentials 5,Peter Norvig,Artificial Intelligence,2014,13,4
780,Data Science Essentials 3,Hadley Wickham,Data Science,2018,9,9
781,Databases Essentials 8,C.J. Date,Databases,2005,13,10
782,Programming Essentials 8,Robert C. Martin,Programming,2013,5,1
783,Databases Essentials 8,Hector Garcia-Molina,Databases,2006,19,18
784,Data Science Essentials 3,Joel Grus,Data Science,2007,19,4
785,Databases Essentials 2,Raghu Ramakrishnan,Databases,2017,5,2
786,Networking Essentials 10,James F. Kurose,Networking,2020,12,11
787,Networking Essentials 3,Andrew S. Tanenbaum,Networking,2011,9,6
788,Networking Essentials 3,Douglas E. Comer,Networking,2013,19,18
789,Databases Essentials 10,Raghu Ramakrishnan,Databases,2024,19,1
790,Artificial Intelligence Essentials 5,Peter Norvig,Artificial Intelligence,2019,12,12
791,Artificial Intelligence Essentials 1,Max Tegmark,Artificial Intelligence,2015,12,4
792,Data Science Essentials 8,Aurélien Géron,Data Science,2018,14,13
793,Data Science Essentials 1,Hadley Wickham,Data Science,2023,17,11
794,Networking Essentials 1,Andrew S. Tanenbaum,Networking,2018,14,7
795,Programming Essentials 5,Robert C. Martin,Programming,2019,15,12
796,Artificial Intelligence Essentials 9,Peter Norvig,Artificial Intelligence,2011,16,4
797,Cybersecurity Essentials 9,Bruce Schneier,Cybersecurity,2004,12,8
798,Networking Essentials 2,James F. Kurose,Networking,2014,15,11
799,Databases Essentials 8,C.J. Date,Databases,2005,17,1
800,Cybersecurity Essentials 2,William Stallings,Cybersecurity,2008,19,1
801,Networking Essentials 7,Keith W. Ross,Networking,2010,17,13
802,Programming Essentials 3,Robert C. Martin,Programming,2014,14,8
803,Artificial Intelligence Essentials 9,Ian Goodfellow,Artificial Intelligence,2022,15,8
804,Databases Essentials 5,Jeffrey Ullman,Databases,2000,9,3
805,Cybersecurity Essentials 3,Bruce Schneier,Cybersecurity,2017,12,6
806,Databases Essentials 6,Raghu Ramakrishnan,Databases,2017,17,5
807,Databases Essentials 2,Jeffrey Ullman,Databases,2020,6,1
808,Networking Essentials 9,Douglas E. Comer,Networking,2007,19,19
809,Cybersecurity Essentials 5,William Stallings,Cybersecurity,2013,8,7
810,Networking Essentials 2,Douglas E. Comer,Networking,2012,8,4
811,Programming Essentials 9,Yashavant Kanetkar,Programming,2021,17,1
812,Cybersecurity Essentials 1,Bruce Schneier,Cybersecurity,2008,14,3
813,Networking Essentials 7,Andrew S. Tanenbaum,Networking,2017,11,1
814,Programming Essentials 2,Yashavant Kanetkar,Programming,2018,13,2
815,Cybersecurity Essentials 8,Bruce Schneier,Cybersecurity,2007,8,2
816,Data Science Essentials 2,Jake VanderPlas,Data Science,2019,19,19
817,Artificial Intelligence Essentials 7,Stuart Russell,Artificial Intelligence,2008,8,5
818,Networking Essentials 1,James F. Kurose,Networking,2013,15,7
819,Databases Essentials 5,Jeffrey Ullman,Databases,2019,11,6
820,Programming Essentials 7,E. Balagurusamy,Programming,2020,10,5
821,Programming Essentials 5,Yashavant Kanetkar,Programming,2020,9,7
822,Artificial Intelligence Essentials 8,Stuart Russell,Artificial Intelligence,2001,10,8
823,Cybersecurity Essentials 9,Wendell Odom,Cybersecurity,2000,8,5
824,Cybersecurity Essentials 4,Bruce Schneier,Cybersecurity,2007,7,6
825,Databases Essentials 4,Jeffrey Ullman,Databases,2005,9,3
826,Networking Essentials 9,Keith W. Ross,Networking,2002,17,8
827,Networking Essentials 7,Andrew S. Tanenbaum,Networking,2007,7,2
828,Programming Essentials 4,Robert C. Martin,Programming,2004,9,3
829,Databases Essentials 6,Jeffrey Ullman,Databases,2019,14,9
830,Databases Essentials 2,C.J. Date,Databases,2022,17,3
831,Databases Essentials 5,Jeffrey Ullman,Databases,2009,13,11
832,Artificial Intelligence Essentials 3,Ian Goodfellow,Artificial Intelligence,2003,10,6
833,Data Science Essentials 9,Joel Grus,Data Science,2013,15,2
834,Databases Essentials 7,C.J. Date,Databases,2008,7,1
835,Programming Essentials 4,Yashavant Kanetkar,Programming,2018,7,2
836,Data Science Essentials 1,Joel Grus,Data Science,2002,14,6
837,Networking Essentials 4,James F. Kurose,Networking,2002,19,9
838,Artificial Intelligence Essentials 9,Max Tegmark,Artificial Intelligence,2000,11,9
839,Artificial Intelligence Essentials 10,Max Tegmark,Artificial Intelligence,2018,20,6
840,Artificial Intelligence Essentials 10,Stuart Russell,Artificial Intelligence,2017,10,10
841,Artificial Intelligence Essentials 9,Stuart Russell,Artificial Intelligence,2001,15,5
842,Artificial Intelligence Essentials 1,Ian Goodfellow,Artificial Intelligence,2020,13,5
843,Programming Essentials 9,Yashavant Kanetkar,Programming,2023,20,12
844,Cybersecurity Essentials 3,Bruce Schneier,Cybersecurity,2012,10,5
845,Artificial Intelligence Essentials 8,Peter Norvig,Artificial Intelligence,2013,13,9
846,Data Science Essentials 9,Jake VanderPlas,Data Science,2018,20,10
847,Databases Essentials 8,C.J. Date,Databases,2004,18,11
848,Networking Essentials 6,Douglas E. Comer,Networking,2005,19,7
849,Cybersecurity Essentials 9,Wendell Odom,Cybersecurity,2003,15,1
850,Artificial Intelligence Essentials 4,Ian Goodfellow,Artificial Intelligence,2011,17,17
851,Networking Essentials 9,James F. Kurose,Networking,2021,19,7
852,Databases Essentials 3,Hector Garcia-Molina,Databases,2010,13,2
853,Artificial Intelligence Essentials 9,Ian Goodfellow,Artificial Intelligence,2019,5,3
854,Networking Essentials 7,Keith W. Ross,Networking,2009,8,8
855,Networking Essentials 2,Keith W. Ross,Networking,2020,9,9
856,Data Science Essentials 5,Joel Grus,Data Science,2001,6,5
857,Data Science Essentials 6,Jake VanderPlas,Data Science,2020,8,3
858,Programming Essentials 10,Herbert Schildt,Programming,2002,18,7
859,Artificial Intelligence Essentials 2,Ian Goodfellow,Artificial Intelligence,2011,10,6
860,Data Science Essentials 4,Hadley Wickham,Data Science,2019,16,13
861,Programming Essentials 9,E. Balagurusamy,Programming,2004,20,20
862,Programming Essentials 7,E. Balagurusamy,Programming,2021,10,8
863,Artificial Intelligence Essentials 6,Ian Goodfellow,Artificial Intelligence,2018,7,3
864,Networking Essentials 9,James F. Kurose,Networking,2020,6,6
865,Databases Essentials 6,Raghu Ramakrishnan,Databases,2009,12,8
866,Artificial Intelligence Essentials 2,Ian Goodfellow,Artificial Intelligence,2013,12,9
867,Cybersecurity Essentials 7,Bruce Schneier,Cybersecurity,2004,6,2
868,Databases Essentials 8,C.J. Date,Databases,2023,10,3
869,Data Science Essentials 4,Jake VanderPlas,Data Science,2009,10,2
870,Programming Essentials 5,Yashavant Kanetkar,Programming,2024,14,6
871,Data Science Essentials 1,Jake VanderPlas,Data Science,2017,15,12
872,Artificial Intelligence Essentials 6,Ian Goodfellow,Artificial Intelligence,2021,20,9
873,Data Science Essentials 6,Joel Grus,Data Science,2011,20,17
874,Artificial Intelligence Essentials 2,Peter Norvig,Artificial Intelligence,2024,17,9
875,Data Science Essentials 2,Hadley Wickham,Data Science,2004,8,2
876,Data Science Essentials 2,Aurélien Géron,Data Science,2004,18,12
877,Programming Essentials 2,Herbert Schildt,Programming,2023,17,9
878,Data Science Essentials 8,Jake VanderPlas,Data Science,2017,11,6
879,Artificial Intelligence Essentials 10,Stuart Russell,Artificial Intelligence,2020,20,4
880,Cybersecurity Essentials 3,Wendell Odom,Cybersecurity,2006,14,12
881,Data Science Essentials 4,Hadley Wickham,Data Science,2018,8,8
882,Databases Essentials 3,Jeffrey Ullman,Databases,2012,9,5
883,Cybersecurity Essentials 9,Wendell Odom,Cybersecurity,2017,17,15
884,Artificial Intelligence Essentials 1,Peter Norvig,Artificial Intelligence,2008,16,3
885,Data Science Essentials 9,Joel Grus,Data Science,2015,13,12
886,Cybersecurity Essentials 10,Wendell Odom,Cybersecurity,2006,10,9
887,Databases Essentials 3,Raghu Ramakrishnan,Databases,2016,9,3
888,Databases Essentials 4,Jeffrey Ullman,Databases,2004,19,12
889,Data Science Essentials 7,Jake VanderPlas,Data Science,2015,6,1
890,Networking Essentials 3,Keith W. Ross,Networking,2000,7,5
891,Databases Essentials 2,C.J. Date,Databases,2005,12,1
892,Data Science Essentials 9,Aurélien Géron,Data Science,2004,20,7
893,Cybersecurity Essentials 6,Wendell Odom,Cybersecurity,2022,15,6
894,Databases Essentials 9,Jeffrey Ullman,Databases,2015,14,6
895,Cybersecurity Essentials 1,Wendell Odom,Cybersecurity,2021,19,9
896,Databases Essentials 2,Raghu Ramakrishnan,Databases,2011,17,9
897,Programming Essentials 8,Yashavant Kanetkar,Programming,2019,18,14
898,Databases Essentials 1,Raghu Ramakrishnan,Databases,2005,5,4
899,Artificial Intelligence Essentials 7,Peter Norvig,Artificial Intelligence,2013,6,1
900,Cybersecurity Essentials 2,William Stallings,Cybersecurity,2019,11,8
901,Networking Essentials 3,Douglas E. Comer,Networking,2003,12,8
902,Data Science Essentials 7,Aurélien Géron,Data Science,2010,17,10
903,Data Science Essentials 6,Aurélien Géron,Data Science,2002,13,3
904,Cybersecurity Essentials 4,William Stallings,Cybersecurity,2014,8,5
905,Programming Essentials 2,Robert C. Martin,Programming,2005,18,9
906,Programming Essentials 5,Robert C. Martin,Programming,2024,16,15
907,Artificial Intelligence Essentials 9,Max Tegmark,Artificial Intelligence,2003,12,9
908,Networking Essentials 10,Keith W. Ross,Networking,2004,15,9
909,Data Science Essentials 5,Joel Grus,Data Science,2014,18,3
910,Databases Essentials 5,Raghu Ramakrishnan,Databases,2012,8,8
911,Cybersecurity Essentials 2,Bruce Schneier,Cybersecurity,2003,17,12
912,Databases Essentials 3,Hector Garcia-Molina,Databases,2001,16,10
913,Artificial Intelligence Essentials 6,Peter Norvig,Artificial Intelligence,2006,9,5
914,Programming Essentials 6,Herbert Schildt,Programming,2019,14,4
915,Programming Essentials 4,Robert C. Martin,Programming,2005,14,7
916,Artificial Intelligence Essentials 1,Stuart Russell,Artificial Intelligence,2003,12,4
917,Data Science Essentials 4,Joel Grus,Data Science,2005,13,12
918,Networking Essentials 4,Douglas E. Comer,Networking,2020,6,4
919,Networking Essentials 4,Keith W. Ross,Networking,2022,8,2
920,Cybersecurity Essentials 8,Kevin Mitnick,Cybersecurity,2013,14,8
921,Programming Essentials 5,E. Balagurusamy,Programming,2007,16,16
922,Networking Essentials 3,Keith W. Ross,Networking,2016,19,2
923,Networking Essentials 7,Douglas E. Comer,Networking,2022,15,3
924,Programming Essentials 1,Herbert Schildt,Programming,2020,6,4
925,Networking Essentials 4,Andrew S. Tanenbaum,Networking,2008,8,7
926,Networking Essentials 10,James F. Kurose,Networking,2009,10,8
927,Data Science Essentials 9,Joel Grus,Data Science,2007,15,11
928,Artificial Intelligence Essentials 7,Stuart Russell,Artificial Intelligence,2024,5,2
929,Cybersecurity Essentials 7,Kevin Mitnick,Cybersecurity,2013,5,3
930,Artificial Intelligence Essentials 1,Peter Norvig,Artificial Intelligence,2007,11,7
931,Cybersecurity Essentials 9,Bruce Schneier,Cybersecurity,2001,11,7
932,Cybersecurity Essentials 10,Bruce Schneier,Cybersecurity,2022,6,2
933,Cybersecurity Essentials 4,William Stallings,Cybersecurity,2009,13,1
934,Networking Essentials 4,James F. Kurose,Networking,2022,6,2
935,Cybersecurity Essentials 3,William Stallings,Cybersecurity,2021,12,10
936,Artificial Intelligence Essentials 6,Ian Goodfellow,Artificial Intelligence,2003,11,7
937,Databases Essentials 4,C.J. Date,Databases,2016,19,17
938,Cybersecurity Essentials 9,Wendell Odom,Cybersecurity,2014,18,2
939,Cybersecurity Essentials 2,Kevin Mitnick,Cybersecurity,2009,20,16
940,Programming Essentials 9,Yashavant Kanetkar,Programming,2020,18,2
941,Cybersecurity Essentials 10,William Stallings,Cybersecurity,2014,17,10
942,Cybersecurity Essentials 10,Wendell Odom,Cybersecurity,2006,12,9
943,Networking Essentials 7,James F. Kurose,Networking,2009,7,6
944,Cybersecurity Essentials 1,Bruce Schneier,Cybersecurity,2004,5,3
945,Data Science Essentials 9,Hadley Wickham,Data Science,2024,12,3
946,Programming Essentials 6,Yashavant Kanetkar,Programming,2014,20,6
947,Networking Essentials 10,Keith W. Ross,Networking,2018,18,7
948,Programming Essentials 4,Robert C. Martin,Programming,2017,19,8
949,Cybersecurity Essentials 6,Wendell Odom,Cybersecurity,2009,20,17
950,Cybersecurity Essentials 5,Wendell Odom,Cybersecurity,2022,10,8
951,Data Science Essentials 2,Hadley Wickham,Data Science,2020,14,10
952,Artificial Intelligence Essentials 10,Peter Norvig,Artificial Intelligence,2007,13,13
953,Cybersecurity Essentials 4,Bruce Schneier,Cybersecurity,2002,19,9
954,Cybersecurity Essentials 9,Bruce Schneier,Cybersecurity,2010,13,3
955,Artificial Intelligence Essentials 1,Max Tegmark,Artificial Intelligence,2008,14,1
956,Artificial Intelligence Essentials 1,Ian Goodfellow,Artificial Intelligence,2000,17,1
957,Artificial Intelligence Essentials 10,Ian Goodfellow,Artificial Intelligence,2006,20,11
958,Data Science Essentials 5,Hadley Wickham,Data Science,2008,10,7
959,Artificial Intelligence Essentials 7,Stuart Russell,Artificial Intelligence,2000,16,14
960,Networking Essentials 1,Keith W. Ross,Networking,2022,14,10
961,Artificial Intelligence Essentials 1,Max Tegmark,Artificial Intelligence,2010,20,7
962,Artificial Intelligence Essentials 8,Ian Goodfellow,Artificial Intelligence,2008,17,4
963,Programming Essentials 4,Yashavant Kanetkar,Programming,2005,11,6
964,Networking Essentials 7,Andrew S. Tanenbaum,Networking,2007,17,12
965,Networking Essentials 10,James F. Kurose,Networking,2005,14,7
966,Cybersecurity Essentials 4,Kevin Mitnick,Cybersecurity,2004,11,8
967,Artificial Intelligence Essentials 6,Max Tegmark,Artificial Intelligence,2005,7,1
968,Networking Essentials 3,Keith W. Ross,Networking,2006,12,7
969,Cybersecurity Essentials 6,William Stallings,Cybersecurity,2012,8,1
970,Databases Essentials 3,Hector Garcia-Molina,Databases,2005,16,5
971,Programming Essentials 10,Robert C. Martin,Programming,2019,16,12
972,Networking Essentials 3,Keith W. Ross,Networking,2022,13,12
973,Data Science Essentials 6,Joel Grus,Data Science,2002,13,10
974,Data Science Essentials 3,Hadley Wickham,Data Science,2007,16,2
975,Artificial Intelligence Essentials 9,Max Tegmark,Artificial Intelligence,2011,11,8
976,Cybersecurity Essentials 4,Kevin Mitnick,Cybersecurity,2022,6,1
977,Data Science Essentials 5,Hadley Wickham,Data Science,2014,9,3
978,Networking Essentials 9,James F. Kurose,Networking,2001,18,9
979,Artificial Intelligence Essentials 9,Ian Goodfellow,Artificial Intelligence,2001,8,5
980,Databases Essentials 5,Jeffrey Ullman,Databases,2016,6,1
981,Artificial Intelligence Essentials 5,Max Tegmark,Artificial Intelligence,2000,8,1
982,Artificial Intelligence Essentials 6,Max Tegmark,Artificial Intelligence,2016,9,3
983,Databases Essentials 2,Jeffrey Ullman,Databases,2013,9,7
984,Cybersecurity Essentials 7,Bruce Schneier,Cybersecurity,2021,13,1
985,Cybersecurity Essentials 7,Wendell Odom,Cybersecurity,2010,5,2
986,Programming Essentials 6,Yashavant Kanetkar,Programming,2003,10,10
987,Programming Essentials 9,Yashavant Kanetkar,Programming,2000,18,3
988,Artificial Intelligence Essentials 7,Stuart Russell,Artificial Intelligence,2006,17,8
989,Programming Essentials 4,Yashavant Kanetkar,Programming,2004,16,7
990,Databases Essentials 4,Hector Garcia-Molina,Databases,2004,17,13
991,Databases Essentials 1,Raghu Ramakrishnan,Databases,2015,14,9
992,Databases Essentials 5,C.J. Date,Databases,2024,9,1
993,Programming Essentials 7,Yashavant Kanetkar,Programming,2003,11,10
994,Data Science Essentials 8,Joel Grus,Data Science,2000,10,8
995,Databases Essentials 7,C.J. Date,Databases,2006,11,9
996,Artificial Intelligence Essentials 4,Max Tegmark,Artificial Intelligence,2019,20,1
997,Artificial Intelligence Essentials 3,Stuart Russell,Artificial Intelligence,2023,5,4
998,Artificial Intelligence Essentials 1,Ian Goodfellow,Artificial Intelligence,2020,8,2
999,Cybersecurity Essentials 8,Kevin Mitnick,Cybersecurity,2023,16,5
1000,Data Science Essentials 3,Jake VanderPlas,Data Science,2015,7,1
